"分類","中文名稱","日文名稱","地址","緯度","經度","說明","資料來源網址","Google Maps連結"
"交通節點","澀谷站","渋谷駅","渋谷駅","35.6593017","139.7001474","本地點主要進出站；JR、東京 Metro、東急、京王井之頭線可用。站體複雜，需保留找出口時間。","https://www.jreast.co.jp/estation/stations/808.html","https://www.google.com/maps/search/?api=1&query=%E6%B8%8B%E8%B0%B7%E9%A7%85"
"景點","澀谷站八公口／忠犬八公像","渋谷駅ハチ公口／忠犬ハチ公像","忠犬ハチ公像","35.6590597","139.7006279","澀谷集合與拍照點；人潮多，只作短暫停留。雨天或尖峰時段不建議在此久等。","https://www.gotokyo.org/","https://www.google.com/maps/search/?api=1&query=%E5%BF%A0%E7%8A%AC%E3%83%8F%E3%83%81%E5%85%AC%E5%83%8F"
"景點","澀谷 Scramble Crossing","渋谷スクランブル交差点","渋谷スクランブル交差点","35.6594951","139.7004982","澀谷代表性路口；從站前前往 LOFT 與 Scramble Square 時順路，不作長時間停留。","https://www.gotokyo.org/","https://www.google.com/maps/search/?api=1&query=%E6%B8%8B%E8%B0%B7%E3%82%B9%E3%82%AF%E3%83%A9%E3%83%B3%E3%83%96%E3%83%AB%E4%BA%A4%E5%B7%AE%E7%82%B9"
"景點","Shibuya Sky","SHIBUYA SKY / 渋谷スカイ","SHIBUYA SKY","35.6582857","139.7022617","夕陽與夜景主軸；建議事先購買指定時段票。強風、雨天、低能見度與票價需出發前確認。","https://www.shibuya-scramble-square.com/sky/","https://www.google.com/maps/search/?api=1&query=SHIBUYA%20SKY"
"景點","澀谷 Scramble Square","渋谷スクランブルスクエア","東京都渋谷区渋谷2-24-12","35.6585419","139.7022189","Shibuya Sky 所在複合設施，澀谷站直結・直上；餐廳與食品補點可作夜景前後備案。","https://www.shibuya-scramble-square.com/access/","https://www.google.com/maps/search/?api=1&query=%E6%B8%8B%E8%B0%B7%E3%82%B9%E3%82%AF%E3%83%A9%E3%83%B3%E3%83%96%E3%83%AB%E3%82%B9%E3%82%AF%E3%82%A8%E3%82%A2"
"景點","澀谷 PARCO","渋谷PARCO","渋谷PARCO","35.6619271","139.6987487","角色店與活動備案；只建議有明確目標時順路加看。","https://shibuya.parco.jp/","https://www.google.com/maps/search/?api=1&query=%E6%B8%8B%E8%B0%B7PARCO"
"景點","MIYASHITA PARK","MIYASHITA PARK / 宮下公園","MIYASHITA PARK","35.6619267","139.7018023","澀谷站東側散策與休息備案；天氣好、有時間才加，不壓縮 LOFT／Hands。","https://www.miyashita-park.tokyo/","https://www.google.com/maps/search/?api=1&query=MIYASHITA%20PARK%20%E6%B8%8B%E8%B0%B7"
"購物","澀谷 LOFT","渋谷ロフト","渋谷ロフト 東京都渋谷区宇田川町21-1","","","本日核心；文具、手帳、紙品、生活雜貨與季節限定。公開地理編碼未能可靠取得座標，已改用店名＋官方地址；匯入後請核對位置。","https://www.loft.co.jp/shop_list/detail.php?shop_id=189","https://www.google.com/maps/search/?api=1&query=%E6%B8%8B%E8%B0%B7%E3%83%AD%E3%83%95%E3%83%88"
"購物","Hands Shibuya","ハンズ渋谷店","ハンズ渋谷店","35.6620077","139.6979072","本日核心；手創材料、文具、畫材、收納、生活雜貨與旅行用品。樓層多，建議留足時間。","https://store.hands.net/shibuya/","https://www.google.com/maps/search/?api=1&query=%E3%83%8F%E3%83%B3%E3%82%BA%E6%B8%8B%E8%B0%B7%E5%BA%97"
"購物","Nintendo TOKYO","Nintendo TOKYO","Nintendo TOKYO 渋谷PARCO 6F","35.6619250","139.6989888","任天堂角色商品、小型文具與雜貨；順路加點。入場限制、新商品與活動需再次確認。","https://shibuya.parco.jp/shop/?search=Nintendo","https://www.google.com/maps/search/?api=1&query=Nintendo%20TOKYO%20%E6%B8%8B%E8%B0%B7PARCO"
"購物","Pokémon Center SHIBUYA","ポケモンセンターシブヤ","ポケモンセンターシブヤ 渋谷PARCO 6F","35.6620111","139.6989821","寶可夢文具、玩偶、雜貨與限定商品；熱門商品、整理券與 2026 年活動需再次確認。","https://shibuya.parco.jp/shop/?search=Nintendo","https://www.google.com/maps/search/?api=1&query=Pok%C3%A9mon%20Center%20SHIBUYA"
"購物","Disney Store Shibuya Koen-dori","ディズニーストア 渋谷公園通り店","ディズニーストア 渋谷公園通り店 東京都渋谷区宇田川町20-15","","","距離澀谷 LOFT 近的迪士尼商品補點；公開地理編碼未能可靠取得座標，已改用店名＋官方地址；匯入後請核對位置。","https://www.disney.co.jp/store","https://www.google.com/maps/search/?api=1&query=%E3%83%87%E3%82%A3%E3%82%BA%E3%83%8B%E3%83%BC%E3%82%B9%E3%83%88%E3%82%A2%20%E6%B8%8B%E8%B0%B7%E5%85%AC%E5%9C%92%E9%80%9A%E3%82%8A%E5%BA%97"
"購物","Shibuya Sakura Stage","渋谷サクラステージ","渋谷サクラステージ 東京都渋谷区桜丘町1","","","新商業設施與餐飲活動備案；公開地理編碼未能可靠取得座標，已改用設施名＋地址；匯入後請核對位置。","https://www.shibuya-sakura-stage.com/","https://www.google.com/maps/search/?api=1&query=%E6%B8%8B%E8%B0%B7%E3%82%B5%E3%82%AF%E3%83%A9%E3%82%B9%E3%83%86%E3%83%BC%E3%82%B8"
"餐廳甜點","麵屋 Nukaji","麺屋ぬかじ","麺屋ぬかじ 渋谷","","","沾麵與拉麵候選；公開地理編碼未能可靠取得座標，匯入後請核對位置。營業、排隊與 Tabelog 狀態需再次確認。","https://tabelog.com/","https://www.google.com/maps/search/?api=1&query=%E9%BA%BA%E5%B1%8B%E3%81%AC%E3%81%8B%E3%81%98%20%E6%B8%8B%E8%B0%B7"
"餐廳甜點","長崎飯店 澀谷店","長崎飯店 渋谷店","長崎飯店 渋谷店","","","ちゃんぽん、皿うどん；公開地理編碼未能可靠取得座標，匯入後請核對位置。短排可，營業需再次確認。","https://tabelog.com/","https://www.google.com/maps/search/?api=1&query=%E9%95%B7%E5%B4%8E%E9%A3%AF%E5%BA%97%20%E6%B8%8B%E8%B0%B7"
"餐廳甜點","Jose Luis 澀谷","ホセ・ルイス 渋谷","ホセ・ルイス 渋谷 渋谷スクランブルスクエア13F","","","Shibuya Sky 前後同棟用餐方便；公開地理編碼未能可靠取得座標，匯入後請核對位置。建議預約或事前確認。","https://www.shibuya-scramble-square.com/","https://www.google.com/maps/search/?api=1&query=%E3%83%9B%E3%82%BB%E3%83%BB%E3%83%AB%E3%82%A4%E3%82%B9%20%E6%B8%8B%E8%B0%B7"
"餐廳甜點","kitchen HASEGAWA","キッチン ハセガワ","キッチン ハセガワ 渋谷","","","漢堡排與洋食；公開地理編碼未能可靠取得座標，匯入後請核對位置。需稍微外移，長隊不建議。","https://tabelog.com/","https://www.google.com/maps/search/?api=1&query=%E3%82%AD%E3%83%83%E3%83%81%E3%83%B3%20%E3%83%8F%E3%82%BB%E3%82%AC%E3%83%AF%20%E6%B8%8B%E8%B0%B7"
"餐廳甜點","Shibuya Tokyu Foodshow","渋谷 東急フードショー","渋谷 東急フードショー","","","蛋糕、布丁、和菓子、季節栗子甜點與伴手禮；公開地理編碼未能可靠取得座標，匯入後請核對位置。","https://www.tokyu-dept.co.jp/shibuya_foodshow/","https://www.google.com/maps/search/?api=1&query=%E6%B8%8B%E8%B0%B7%20%E6%9D%B1%E6%80%A5%E3%83%95%E3%83%BC%E3%83%89%E3%82%B7%E3%83%A7%E3%83%BC"
"餐廳甜點","Morozoff 澀谷東急 Foodshow","モロゾフ 渋谷東急フードショー店","モロゾフ 渋谷東急フードショー店","","","布丁、蛋糕與伴手禮；公開地理編碼未能可靠取得座標，匯入後請核對位置。實際櫃位與庫存需再次確認。","https://www.morozoff.co.jp/","https://www.google.com/maps/search/?api=1&query=%E3%83%A2%E3%83%AD%E3%82%BE%E3%83%95%20%E6%B8%8B%E8%B0%B7%E6%9D%B1%E6%80%A5%E3%83%95%E3%83%BC%E3%83%89%E3%82%B7%E3%83%A7%E3%83%BC"
"餐廳甜點","CAMELBACK sandwich & espresso","CAMELBACK sandwich & espresso","CAMELBACK sandwich & espresso","35.6655638","139.6922263","三明治；電視節目餐廳候選。距主線稍遠，不建議為它壓縮 LOFT／Hands。","https://tabelog.com/","https://www.google.com/maps/search/?api=1&query=CAMELBACK%20sandwich%20%26%20espresso%20%E6%B8%8B%E8%B0%B7"
